,accuracy,precision,recall,f1-score
0.0,0.5756972111553785,0.4653663917957253,0.5756972111553784,0.48915259270627165
1.0,0.5756972111553785,0.4653663917957253,0.5756972111553784,0.48915259270627165
4.0,0.5756972111553785,0.4653663917957253,0.5756972111553784,0.48915259270627165
3.0,0.5756972111553785,0.4653663917957253,0.5756972111553784,0.48915259270627165
2.0,0.5756972111553785,0.4653663917957253,0.5756972111553784,0.48915259270627165
5.0,0.5756972111553785,0.4653663917957253,0.5756972111553784,0.48915259270627165
